Project Code,Title,Commitment in U.A,Country,Starting Date,Status,Source of Financing,Sector,Sovereign
P-CF-FA0-005,Central African Republic - The Bangui M’POKO International Airport Modernisation Support Project - Phase II (PAMAB-II),"8,000,000.00",Central African Republic,05 Oct 2020,Approved,Fragile States Facility,Power,Sovereign
P-Z1-FF0-011,Chad - TSF Pillar 3 - Development of solar energy and associated projects - Desert to Power,"666,666.70",Multinational,25 Jun 2020,Approved,Fragile States Facility,Power,Sovereign
P-Z1-FF0-013,Mali - TSF Pillar 3 - Development of solar energy and associated projects - Desert to Power,"666,666.70",Multinational,25 Jun 2020,Approved,Fragile States Facility,Power,Sovereign
P-Z1-FF0-014,Niger - TSF Pillar 3 - Development of solar energy and associated projects - Desert to Power,"666,666.70",Multinational,25 Jun 2020,Approved,Fragile States Facility,Power,Sovereign
P-EG-FA0-005,Egypt- Electricity and Green Growth Support Program (EGGSP) - Phase I,"185,192,806.29",Egypt,17 Jun 2020,Approved,African Development Bank,Power,Sovereign
P-MG-F00-007,Madagascar - Sahofika – Equity Participation in the Capital of the NEHO (Nouvelle Energie Hydroélectrique de l'Onive),"3,220,000.00",Madagascar,13 May 2020,Approved,African Development Fund,Power,Sovereign
P-CI-FA0-024,Côte d'Ivoire - Project to Strengthen the Structures of the Electricity System and Access to Electricity Phase I (PROSER I),"49,743,900.69",Cote d'Ivoire,25 Mar 2020,Implementation,African Development Bank,Power,Sovereign
P-ST-FAB-002,Sao Tome and Principe - The Energy Transition and Institutional Support Programme (ETISP),"10,000,000.00",Sao Tome and Principe,25 Mar 2020,Approved,African Development Fund,Power,Sovereign
P-Z1-FAD-018,Multinational - Uganda – DRC Power Transmission Study,"697,718.67",Multinational,24 Feb 2020,Approved,NEPAD Infrastructure Project Preparation Facility,Power,Sovereign
P-DJ-FA0-004,Djibouti - Geothermal Exploration Project in the Lake Assal Region - Supplementary Grant II,"2,360,000.00",Djibouti,15 Jan 2020,Implementation,African Development Fund,Power,Sovereign
P-SD-FF0-001,Sudan - Solar PV Powered Pumping for Irrigation Project (Desert-to-Power Initiative),"14,400,000.00",Sudan,18 Dec 2019,Approved,African Development Fund,Power,Sovereign
P-MG-FA0-019,Madagascar - The Power Transmission Network Reinforcement and Interconnection Project (PRIRTEM),"27,820,000.00",Madagascar,16 Dec 2019,Approved,African Development Fund,Power,Sovereign
P-AO-FA0-003,Angola - Energy sector efficiency and expansion programme (ESEEP) - Phase I,"341,013,235.58",Angola,13 Dec 2019,Approved,African Development Bank,Power,Sovereign
P-MG-FA0-018,Madagascar - Sahofika 192 MW Hydropower Project Partial Risk Guarantee,"73,173,765.74",Madagascar,13 Dec 2019,Approved,African Development Fund,Power,Sovereign
P-MA-FA0-008,Morocco - Power Transmission Network Development and Rural Electrification Programme (PDRTE-ER),"194,547,717.45",Morocco,10 Dec 2019,Approved,African Development Bank,Power,Sovereign
P-BF-FF0-006,Burkina Faso - Desert to Power” Initiative – Yeleen Solar Plant Development and National Power System Reinforcement Project,"39,023,220.49",Burkina Faso,28 Nov 2019,Approved,African Development Bank,Power,Sovereign
P-TG-FA0-012,Togo - Project to Support the Social Component Rural Electrification Programme CIZO (PRAVOST),"680,000.00",Togo,28 Nov 2019,Implementation,African Development Fund,Power,Sovereign
P-NG-FA0-011,Nigeria - Nigeria Transmission Expansion Project Phase 1,"113,352,981.18",Nigeria,26 Nov 2019,Approved,African Development Bank,Power,Sovereign
P-MZ-FD0-003,Mozambique - Mozambique LNG Area 1,"292,695,062.97",Mozambique,21 Nov 2019,Approved,African Development Bank,Power,Non Sovereign
,,,,,,,,
P-LR-FA0-001,Liberia - Renewable Energy for Electrification in Liberia (REEL Project),"6,590,000.00",Liberia,31 Oct 2019,Approved,African Development Fund,Power,Sovereign
P-Z1-F00-107,Multinational - Capacity Building for The Operationalization of the Eastern Africa Power Pool (EAPP) Regional Power Market Trade Project,"715,000.00",Multinational,24 Oct 2019,Implementation,African Development Fund,Power,Sovereign
P-TN-FA0-008,Tunisia - Project to develop and equip the Power Transmission Grid (PAERTE),"89,505,482.21",Tunisia,09 Oct 2019,Implementation,African Development Bank,Power,Sovereign
P-GM-FA0-002,Republic of the Gambia - The Gambia Electricity Access Project (GEAP),"12,600,000.00",Gambia,08 Oct 2019,Implementation,African Development Fund,Power,Sovereign
P-BJ-FA0-007,Benin - Rural Electrification Project (PERU),"50,393,225.43",Benin,26 Sep 2019,Approved,African Development Bank,Power,Sovereign
P-TD-FA0-007,Chad - Djermaya PV Project – Partial Risk Guarantee,"7,978,171.72",Chad,26 Sep 2019,Approved,African Development Fund,Power,Sovereign
P-TD-FF0-002,Chad - Djermaya 28 MW Solar PV IPP - Senior Loan,"14,360,709.10",Chad,26 Sep 2019,Approved,African Development Bank,Power,Non Sovereign
P-SO-F00-002,Somalia - Technical Assistance and Capacity Building Project for the Setting Up of the Energy Regulatory Authority (ERA),"1,000,000.00",Somalia,06 Sep 2019,Implementation,Fragile States Facility,Power,Sovereign
P-Z1-FA0-139,Multinational – 225 KV Côte d'Ivoire - Liberia Interconnection Reinforcement Project,"1,306,991.75",Multinational,09 Aug 2019,Approved,NEPAD Infrastructure Project Preparation Facility,Power,Sovereign
P-Z1-FA0-172,Multinational - 330 KV Ghana – Burkina – Mali Interconnection Project Study,"426,822.58",Multinational,01 Aug 2019,Approved,NEPAD Infrastructure Project Preparation Facility,Power,Sovereign
P-Z1-FA0-164 ,Multinational - Temane Transmission Project (TTP),"23,580,000.00",Multinational,19 Jul 2019,Approved,African Development Fund,Power,Sovereign
P-CM-FA0-009,Cameroon - Ring Fencing of Electricity Metering Services,"349,622.70",Cameroon,26 Jun 2019,Implementation,Fund for African Private Sector Assistance,Power,Sovereign
P-ZW-FA0-018 ,Zimbabwe - ZIM-FUND - Emergency Power Infrastructure Rehabilitation Project – Consolidation Works,"1,279,348.70",Zimbabwe,19 Jun 2019,Implementation,Zimbabwe Multi-donor Trust Fund,Power,Sovereign
P-CI-F00-007,Côte d'Ivoire - Azito Power Expansion Project - Phase IV,"28,610,617.91",Cote d'Ivoire,05 Jun 2019,Implementation,African Development Bank,Power,Non Sovereign
P-CI-F00-011,Cote d'Ivoire - Atinkou (CIPREL V) 390 MW Gas Power Project,"68,005,507.61",Cote d'Ivoire,05 Jun 2019,Approved,African Development Bank,Power,Non Sovereign
P-RW-FA0-008,Rwanda - Scaling Up Electricity Access Program Phase II (SEAP II) - Additional Financing,"16,400,000.00",Rwanda,23 May 2019,Implementation,African Development Fund,Power,Sovereign
P-KM-F00-002,Comoros - Energy Sector Support Project (PASEC) - Supplementary Financing,"6,960,000.00",Comoros,21 May 2019,Implementation,African Development Fund,Power,Sovereign
P-BF-FA0-010 ,Burkina Faso – Programme « Desert to Power » - Yeleen Rural Electrification Project,"3,000,000.00",Burkina Faso,14 Dec 2018,Approved,African Development Fund,Power,Sovereign
P-Z1-F00-077,Multinational - Burundi-Rwanda Power Grid Interconnection Project for NELSAP,"3,170,000.00",Multinational,14 Dec 2018,Implementation,Fragile States Facility,Power,Sovereign
P-Z1-FA0-162,Multinational - Supplementary Financing for Kenya under the Ethiopia-Kenya Electricity Highway Project,"22,307,867.08",Multinational,14 Dec 2018,Approved,African Development Bank,Power,Sovereign
,,,,,,,,
P-Z1-FA0-165 ,Multinational - Ruzizi IV hydropower plant,"716,196.27",Multinational,02 Dec 2018,Approved,NEPAD Infrastructure Project Preparation Facility,Power,Sovereign
P-NG-F00-020,Nigeria - Nigeria Electrification Project,"106,259,386.25",Nigeria,29 Nov 2018,Implementation,African Development Bank,Power,Sovereign
P-ZA-FF0-001,South Africa - Redstone 100MW Concentrated Solar Power (CSP) Project,"117,735,706.89",South Africa,29 Nov 2018,Approved,African Development Bank,Power,Non Sovereign
P-KE-FF0-001,Kenya - Kopere Solar Power Project,"13,295,673.24",Kenya,27 Nov 2018,Approved,African Development Bank,Power,Non Sovereign
P-SN-F00-009,Senegal - 120 MW Malicounda Dual Fuel Power Project,"40,896,108.25",Senegal,27 Nov 2018,Approved,African Development Bank,Power,Non Sovereign
P-CI-FA0-017,Cote d'Ivoire - Project to Improve Access to Electricity in Rural Areas,"35,192,933.13",Cote d'Ivoire,07 Nov 2018,Implementation,African Development Bank,Power,Sovereign
P-SN-FA0-005 ,Senegal - Project to Improve Access to Electricity in Peri-Urban and Rural Areas,"30,097,618.38",Senegal,03 Oct 2018,Implementation,African Development Bank,Power,Sovereign
P-RW-FA0-016,Rwanda - Scaling Up Electricity Access Program Phase II (SEAP II),"188,091,698.21",Rwanda,27 Sep 2018,Implementation,African Development Bank,Power,Sovereign
P-ZA-FA0-003,South Africa - Eskom Transmission Improvement Project - Loan,"122,555,576.79",South Africa,25 Sep 2018,Implementation,African Development Bank,Power,Sovereign
P-TZ-FA0-013,Tanzania - North West Grid (400 KV Nyakanizi-Kigoma) Transmission Line,"87,661,714.87","Tanzania, United Republic of",20 Jul 2018,Implementation,African Development Bank,Power,Sovereign
P-GW-FA0-005,Guinea-Bissau - Bissau City Power Distribution System Improvement Project,"20,000,000.00",Guinea-Bissau,03 Jul 2018,Implementation,African Development Fund,Power,Sovereign
P-Z1-FZ0-018,Multinational - Scaling-up the Clean Cooking Industry in Africa,"701,496.22",Multinational,29 Jun 2018,Implementation,Fund for African Private Sector Assistance,Power,Sovereign
P-KE-FZ0-013,Kenya - Quantum Power- Menengai Geothermal Power Project,"21,586,260.89",Kenya,06 Jun 2018,Approved,African Development Bank,Power,Non Sovereign
P-DJ-FA0-003,Djibouti - Geothermal Exploration Project in the Lake Assal Region – Supplementary loan,"10,740,000.00",Djibouti,02 May 2018,Implementation,African Development Fund,Power,Sovereign
P-Z1-FA0-072,Multinational - Cameroon and Chad Power Interconnection Project (Cameroon component),"188,923,962.86",Multinational,15 Dec 2017,Approved,African Development Bank,Power,Sovereign
P-Z1-FA0-119,Multinational - Nigeria-Niger-Benin-Burkina Faso Power Interconnection Project,"62,500,000.00",Multinational,15 Dec 2017,Implementation,African Development Fund,Power,Sovereign
P-Z1-FA0-146,Multinational - Nigeria-Niger-Benin-Burkina Faso Power Interconnection Project,"50,000,000.00",Multinational,15 Dec 2017,Implementation,African Development Fund,Power,Sovereign
P-Z1-FA0-152,Multinational - Cameroon and Chad Power Interconnection Project (Chad component),"27,500,000.00",Multinational,15 Dec 2017,Approved,Fragile States Facility,Power,Sovereign
P-Z1-FA0-148,Multinational - 225KV Guinea-Mali Electricity Interconnection Project,"30,000,000.00",Multinational,13 Dec 2017,Implementation,African Development Fund,Power,Sovereign
P-Z1-FA0-149,Multinational - 225KV Guinea-Mali Electricity Interconnection Project,"30,000,000.00",Multinational,13 Dec 2017,Implementation,African Development Fund,Power,Sovereign
,,,,,,,,
P-BJ-FA0-004,Benin - Electricity Corporation of Benin Sub-Transmission and Distribution System Restructuring and Extension Project (PRESREDI),"11,610,000.00",Benin,12 Dec 2017,Implementation,African Development Fund,Power,Sovereign
P-CI-FAB-001,Côte d'Ivoire - 44 MW Singrobo - Ahouaty Hydropower Project,"39,890,858.61",Cote d'Ivoire,06 Dec 2017,Approved,African Development Bank,Power,Non Sovereign
P-MA-FF0-004,COMPLEXE SOLAIRE MIDELT - CENTRALE NOOR MIDELT I,"53,063,894.74",Morocco,06 Dec 2017,Implementation,African Development Bank,Power,Sovereign
P-MA-FF0-005,Morocco - Noor Midelt Solar Complex Project - Phase I  (NoorM and NoorM II Plants),"122,200,188.79",Morocco,06 Dec 2017,Approved,African Development Bank,Power,Sovereign
P-ML-FA0-004,Mali - Mini Hydropower Plants and Related Distribution Networks Development Project (PDM-HYDRO),"20,000,000.00",Mali,04 Dec 2017,Implementation,African Development Fund,Power,Sovereign
P-CM-F00-006,Cameroon - Nachtigal Hydro Power Project,"106,056,650.57",Cameroon,28 Nov 2017,Implementation,African Development Bank,Power,Non Sovereign
P-ET-FA0-013,Ethiopia - Addis Ababa Transmission and Distribution System Rehabilitation and Upgrading Project (AATDRUP),"72,230,000.00",Ethiopia,22 Nov 2017,Implementation,African Development Fund,Power,Sovereign
P-MG-FA0-016,Madagascar - Etude de faisabilité du projet de renforcement et d'interconnexion des réseaux de transport d'énergie électrique,"1,000,000.00",Madagascar,21 Nov 2017,Implementation,African Development Fund,Power,Sovereign
P-UG-FAB-008,Uganda - Bujagali Energy Limited 2,"47,085,003.81",Uganda,17 Nov 2017,Implementation,African Development Bank,Power,Non Sovereign
P-EG-FF0-010,Egypt - Solar Photovoltaic Power Project under the Egyptian Feed-in-Tariff Program Round 2 - Shapoorji Pallonji Energy Egypt,"8,500,750.90",Egypt,04 Sep 2017,Implementation,African Development Bank,Power,Non Sovereign
P-EG-FF0-011,Egypt - Solar Photovoltaic Power Project under the Egyptian Feed-in-Tariff Program Round 2 - Alcazar Energy Egypt Solar 1,"9,209,146.81",Egypt,04 Sep 2017,Completion,African Development Bank,Power,Non Sovereign
P-EG-FF0-012,Egypt - Solar Photovoltaic Power Project under the Egyptian Feed-in-Tariff Program Round 2 - Delta for Renewable Energy,"9,067,467.63",Egypt,04 Sep 2017,Completion,African Development Bank,Power,Non Sovereign
P-ZW-FA0-014,Zimbabwe - Emergency Power Infrastructure Rehabilitation Project - Phase II Stage II,"5,185,458.05",Zimbabwe,20 Jun 2017,Implementation,Zimbabwe Multi-donor Trust Fund,Power,Sovereign
P-BJ-FZ0-001,Benin - Energy Sector Budget Support Programme - Phase I (PASEBE I),"19,920,000.00",Benin,12 Apr 2017,Completion,African Development Fund,Power,Sovereign
P-SS-FA0-006,South Sudan - Juba Power Distribution System Rehabilitation and Expansion Project,"10,610,000.00",South Sudan,12 Apr 2017,Implementation,Fragile States Facility,Power,Sovereign
P-RW-FA0-015,Rwanda - Scaling-Up Energy Access Project (SEAP),"2,220,000.00",Rwanda,30 Mar 2017,Completion,African Development Fund,Power,Sovereign
P-Z1-FZ0-009,Multinational - Feasibility Study on Business Opportunities for Women in a changing Energy Value Chain in West Africa,"728,183.62",Multinational,21 Dec 2016,Completion,NEPAD Infrastructure Project Preparation Facility,Power,Sovereign
P-SL-F00-007,Sierra Leone – Rehabilitation and Extension of Bo-Kenema Distribution System Project,"35,009,000.00",Sierra Leone,16 Dec 2016,Implementation,African Development Fund,Power,Sovereign
P-ZW-FA0-004,Zimbabwe - Alaska – Karoi Power Transmission Reinforcement Project,"13,540,000.00",Zimbabwe,16 Dec 2016,Implementation,African Development Fund,Power,Sovereign
P-LS-FA0-003,Lesotho - Urban Distribution Rehabilitation and Transmission Expansion Project,"7,780,000.00",Lesotho,14 Dec 2016,Implementation,African Development Fund,Power,Sovereign
,,,,,,,,
P-UG-FAB-007,Uganda - Achwa II Hydropower Plant,"13,874,390.70",Uganda,14 Dec 2016,Implementation,African Development Bank,Power,Non Sovereign
P-Z1-F00-063,Multinational - Facility for Energy Inclusion (FEI),"14,166,412.85",Multinational,13 Dec 2016,Implementation,African Development Bank,Power,Non Sovereign
P-Z1-F00-117,Multinational - Facility for Energy Inclusion (FEI),"21,176,869.21",Multinational,13 Dec 2016,Implementation,African Development Bank,Power,Non Sovereign
P-LR-F00-004,Liberia - Liberia Energy Efficiency and Access Project (LEEAP),"20,680,000.00",Liberia,12 Dec 2016,Implementation,African Development Fund,Power,Sovereign
P-NE-F00-004,"Niger - Rural, Semi-Urban and Urban Electrification Project","51,720,000.00",Niger,09 Dec 2016,Implementation,African Development Fund,Power,Sovereign
P-CD-FA0-011,Democratic Republic of Congo - Power Sector Improvement and Governance Support Project ,"96,100,000.00","Congo, the Democratic Republic of the",07 Dec 2016,Implementation,African Development Fund,Power,Sovereign
P-Z1-F00-066,Multinational - Mozambique - Zambia 400KV Power Interconnector Project,"1,390,515.22",Multinational,06 Dec 2016,Implementation,NEPAD Infrastructure Project Preparation Facility,Power,Sovereign
P-MG-F00-002,Madagascar - Energy Sector Reform Support Programme,"13,770,000.00",Madagascar,25 Nov 2016,Completion,African Development Fund,Power,Sovereign
P-Z1-F00-065,Multinational - The Kolwezi (DRC)-Solwezi (Zambia) 330 kV Power Interconnector Project,"1,401,204.47",Multinational,24 Nov 2016,Implementation,NEPAD Infrastructure Project Preparation Facility,Power,Sovereign
P-CI-FA0-014,Côte d’Ivoire - Power Transmission and Distribution Networks Reinforcement Project,"112,436,366.01",Cote d'Ivoire,16 Nov 2016,Implementation,African Development Bank,Power,Sovereign
P-Z1-FA0-115,Multinational - The Interconnection of Electric Grids of Nile Equatorial Lakes Countries (Supplementary Loan to the Republic of Uganda),"985,725.28",Multinational,15 Nov 2016,Completion,African Development Fund,Power,Sovereign
P-ML-FF0-001,Mali - Projet de centrale solaire photovoltaïque de Segou,"6,660,975.57",Mali,31 Oct 2016,Implementation,African Development Bank,Power,Non Sovereign
P-BF-FA0-007,Burkina Faso - Electrification of Semi-Urban Areas of Ouagadougou and Bobo-Dioulasso Project,"27,230,000.00",Burkina Faso,21 Sep 2016,Implementation,African Development Fund,Power,Sovereign
P-ET-FA0-011,Ethiopia - Mekele-Dallol and Semera-Afdera Power Supply for Industrial Development and Access Scale-up Project,"75,840,069.60",Ethiopia,14 Jul 2016,Implementation,African Development Bank,Power,Sovereign
P-Z1-FA0-104,Multinational - Interconnection of the Electric Grids of the Nile Equatorial Lakes Countries,"8,040,000.00",Multinational,05 Jul 2016,Implementation,African Development Fund,Power,Sovereign
P-KE-FA0-013,Kenya - Last Mile Connectivity Project II,"97,611,193.68",Kenya,27 Jun 2016,Implementation,African Development Bank,Power,Sovereign
P-Z1-FA0-076,Multinational- Ruzizi III regional hydropower plant project (Burundi),"19,290,000.00",Multinational,16 Dec 2015,Implementation,African Development Fund,Power,Sovereign
P-Z1-FA0-077,Multinational- Ruzizi III regional hydropower plant project (Rwanda),"16,000,000.00",Multinational,16 Dec 2015,Implementation,African Development Fund,Power,Sovereign
P-Z1-FA0-078,Multinational - Ruzizi III regional hydropower plant project,"60,000,000.00",Multinational,16 Dec 2015,Implementation,Fragile States Facility,Power,Sovereign
P-Z1-FA0-105,Multinational- Ruzizi III regional hydropower plant project,"1,710,000.00",Multinational,16 Dec 2015,Implementation,African Development Fund,Power,Sovereign
,,,,,,,,
P-Z1-FA0-109,Multinational- Ruzizi III regional hydropower plant project,"1,500,000.00",Multinational,16 Dec 2015,Implementation,African Development Fund,Power,Sovereign
P-ZA-F00-005,South Africa - ESKOM II Power project,"214,828,071.91",South Africa,15 Dec 2015,Implementation,African Development Bank,Power,null
P-ZA-F00-006,South Africa - ESKOM II Loan,"7,083,206.43",South Africa,15 Dec 2015,Implementation,African Development Bank,Power,null
P-SN-F00-005,Senegal - Sendou Coal Power Project Supplementary Loan,"4,009,398.03",Senegal,30 Oct 2015,Completion,African Development Bank,Power,Non Sovereign
P-KM-F00-001,"Comores- Projet d'Assistance Technique pour l'élaboration du plan directeur de production, de transport, de distribution de l'énergie et de développement des énergies renouvelables","2,000,000.00",Comoros,30 Sep 2015,Implementation,Fragile States Facility,Power,Sovereign
P-Z1-FA0-018,Multinational - The Gambia River Basin Development Organization Energy Project (OMVG) - The Gambia,"3,750,000.00",Multinational,30 Sep 2015,Implementation,African Development Fund,Power,Sovereign
P-Z1-FA0-098,Multinational - The Gambia River Basin Development Organization Energy Project (OMVG) - Guinea,"46,250,000.00",Multinational,30 Sep 2015,Implementation,African Development Fund,Power,Sovereign
P-Z1-FA0-099,Multinational - The Gambia River Basin Development Organization Energy Project (OMVG) - Guinea Bissau,"4,500,000.00",Multinational,30 Sep 2015,Implementation,African Development Fund,Power,Sovereign
P-Z1-FA0-101,Multinational - The Gambia River Basin Development Organization Energy Project (OMVG) - Senegal,"42,500,000.00",Multinational,30 Sep 2015,Implementation,African Development Fund,Power,Sovereign
P-UG-FA0-006,Uganda - Uganda Rural Electricity Access Project,"70,839,590.83",Uganda,16 Sep 2015,Implementation,African Development Bank,Power,Sovereign
P-Z1-FA0-055,Multinational - 330 kV WAPP Nigeria – Benin Interconnection Reinforcement Project,"1,404,402.68",Multinational,24 Aug 2015,Implementation,NEPAD Infrastructure Project Preparation Facility,Power,Sovereign
P-BF-FA0-008,Burkina Faso - Energy Sector Budget Support Programme,"20,000,000.00",Burkina Faso,10 Jul 2015,Completion,African Development Fund,Power,Sovereign
P-GW-FA0-004,Guinea-Bissau - Bissau City Electricity Supply Improvement Project ,"13,300,000.00",Guinea-Bissau,08 Jul 2015,Implementation,African Development Fund,Power,Sovereign
P-Z1-FA0-084,Multinational - African Network of Centers of Excellence in Electricity Project,"8,300,000.00",Multinational,26 May 2015,Implementation,African Development Fund,Power,Sovereign
P-TN-FA0-003,Tunisia - Natural Gas Transmission and Distribution Network Development Project,"40,293,369.01",Tunisia,01 Apr 2015,Implementation,African Development Bank,Power,Sovereign
P-Z1-FA0-052,Multinational - Kenya-Tanzania Power Interconnection Project,"75,290,000.00",Multinational,18 Feb 2015,Implementation,African Development Fund,Power,Sovereign
P-Z1-FA0-086,Multinational - Kenya-Tanzania Power Interconnection Project,"27,500,000.00",Multinational,18 Feb 2015,Implementation,African Development Fund,Power,Sovereign
P-Z1-FA0-075,Multinational - Kariba Dam Rehabilitation Project,"25,200,000.00",Multinational,15 Dec 2014,Implementation,African Development Fund,Power,Sovereign
P-Z1-FA0-085,Multinational - Kariba Dam Rehabilitation Project,"23,260,000.00",Multinational,15 Dec 2014,Implementation,African Development Fund,Power,Sovereign
P-SZ-FF0-001,Swaziland - Technical Assistance aimed at promoting investment in the electricity supply industry to expand reliable energy supplies and enhance the country’s electricity access rate,"717,652.00",Eswatini,08 Dec 2014,Completion,Middle Income Countries Fund,Power,Sovereign
,,,,,,,,
P-MA-FF0-002,Morocco - Ouarzazate Solar Complex Project – Phase II (NOORo II and NOORo III Power Plants),"57,922,197.90",Morocco,03 Dec 2014,Completion,African Development Bank,Power,Sovereign
P-MA-FF0-003,Morocco - Ouarzazate Solar Complex Project – Phase II (NOORo II and NOORo III Power Plants),"22,791,651.74",Morocco,03 Dec 2014,Completion,African Development Bank,Power,Sovereign
P-KE-FA0-010,Kenya - Last Mile Connectivity Project,"90,000,000.00",Kenya,19 Nov 2014,Implementation,African Development Fund,Power,Sovereign
P-Z1-FC0-006,Multinational - Kigali/Bujumbura oil products pipeline feasability study,"432,144.11",Multinational,24 Oct 2014,Cancelled,NEPAD Infrastructure Project Preparation Facility,Power,Sovereign
P-TN-FD0-006,Tunisia - Southern Tunisian Gas Pipeline Project,"54,373,436.76",Tunisia,26 Jun 2014,Implementation,African Development Bank,Power,Non Sovereign
P-MU-FA0-002,Mauritius - Saint Louis Power Plant Redevelopment Project,"65,388,068.31",Mauritius,25 Jun 2014,Completion,African Development Bank,Power,Sovereign
P-BI-FA0-100,Burundi - Jiji and Mulembwe Hydropower Project (PHJIMU),"14,340,000.00",Burundi,23 Jun 2014,Implementation,Fragile States Facility,Power,Sovereign
P-ZA-FF0-003,South Africa - Xina Solar One Project,"35,486,198.74",South Africa,23 Jun 2014,Implementation,African Development Bank,Power,Non Sovereign
P-NG-FD0-003,Nigeria - Dangote Industries Limited - (Refinery and the fertilizer projects),"211,429,900.42",Nigeria,13 Jun 2014,Implementation,African Development Bank,Power,Non Sovereign
P-AO-FA0-002,Angola - Power Sector Reform Support Program,"708,395,908.31",Angola,13 May 2014,Completion,African Development Bank,Power,Sovereign
P-BI-F00-003,"Burundi - Projet d'assistance technique pour l'élaboration du plan directeur de production, de transport et de distribution de l'énergie électrique","414,000.00",Burundi,30 Apr 2014,Completion,Fragile States Facility,Power,Sovereign
P-Z1-FAC-003,Multinational - 330 KV West African Power Pool (WAPP) North Core Project Nigeria-Niger-Benin-Burkina Faso,"4,272,294.10",Multinational,11 Mar 2014,Completion,NEPAD Infrastructure Project Preparation Facility,Power,Sovereign
P-GH-F00-005,Ghana - Electricity Distribution System Reinforcement and Extension Project ,"48,460,000.00",Ghana,26 Feb 2014,Implementation,African Development Fund,Power,Sovereign
P-Z1-FA0-073,Multinational - Enabling Large Scale Gas and Power Investments in Mozambique Technical Assistance Project,"9,950,000.00",Multinational,18 Dec 2013,Implementation,African Development Fund,Power,Sovereign
P-ZW-FA0-002,Zimbabwe - Emergency Power Infrastructure Rehabilitation Project – Phase II,"10,024,459.46",Zimbabwe,18 Dec 2013,Completion,Zimbabwe Multi-donor Trust Fund,Power,Sovereign
P-ZW-FA0-003,Zimbabwe - Emergency Power Infrastructure Rehabilitation Project - Phase I,"3,302,741.78",Zimbabwe,18 Dec 2013,Completion,Zimbabwe Multi-donor Trust Fund,Power,Sovereign
P-SS-FA0-002,South Sudan - Juba Power Distribution System Rehabilitation and Expansion Project,"16,960,000.00",South Sudan,17 Dec 2013,Implementation,African Development Fund,Power,Sovereign
P-Z1-FAD-007,Multinational - Regional Rusumo Falls Hydropower Project,"16,700,000.00",Multinational,27 Nov 2013,Implementation,African Development Fund,Power,Sovereign
P-Z1-FAD-008,Multinational - Regional Rusumo Falls Hydropower Project,"25,384,000.00",Multinational,27 Nov 2013,Implementation,African Development Fund,Power,Sovereign
P-Z1-FAD-009,Multinational - Regional Rusumo Falls Hydropower Project,"17,386,000.00",Multinational,27 Nov 2013,Implementation,African Development Fund,Power,Sovereign
,,,,,,,,
P-Z1-FA0-045,Multinational - INGA Site Development and Electricity Access Support Project,"44,409,000.00",Multinational,20 Nov 2013,Implementation,African Development Fund,Power,Sovereign
P-Z1-F00-044,"Multinational - Côte d’Ivoire, Liberia, Sierra Leone and Guinea (CLSG) Electricity Networks Interconnection Project ","26,173,000.00",Multinational,06 Nov 2013,Implementation,African Development Fund,Power,Sovereign
P-Z1-F00-045,"Multinational - Côte d’Ivoire, Liberia, Sierra Leone and Guinea (CLSG) Electricity Networks Interconnection Project ","8,102,000.00",Multinational,06 Nov 2013,Implementation,African Development Fund,Power,Sovereign
P-Z1-F00-046,"Multinational - Côte d’Ivoire, Liberia, Sierra Leone and Guinea (CLSG) Electricity Networks Interconnection Project ","22,705,000.00",Multinational,06 Nov 2013,Implementation,African Development Fund,Power,Sovereign
P-Z1-F00-047,"Multinational - Côte d’Ivoire, Liberia, Sierra Leone and Guinea (CLSG) Electricity Networks Interconnection Project ","29,744,000.00",Multinational,06 Nov 2013,Implementation,African Development Fund,Power,Sovereign
P-Z1-F00-053,"Multinational - Côte d’Ivoire, Liberia, Sierra Leone and Guinea (CLSG) Electricity Networks Interconnection Project","721,000.00",Multinational,06 Nov 2013,Implementation,African Development Fund,Power,Sovereign
P-Z1-F00-054,"Multinational - Côte d’Ivoire, Liberia, Sierra Leone and Guinea (CLSG) Electricity Networks Interconnection Project","703,000.00",Multinational,06 Nov 2013,Implementation,African Development Fund,Power,Sovereign
P-Z1-F00-055,"Multinational - Côte d’Ivoire, Liberia, Sierra Leone and Guinea (CLSG) Electricity Networks Interconnection Project","781,000.00",Multinational,06 Nov 2013,Implementation,African Development Fund,Power,Sovereign
P-Z1-F00-056,"Multinational - Côte d’Ivoire, Liberia, Sierra Leone and Guinea (CLSG) Electricity Networks Interconnection Project ","6,106,000.00",Multinational,06 Nov 2013,Implementation,African Development Fund,Power,Sovereign
P-Z1-F00-057,"Multinational - Côte d’Ivoire, Liberia, Sierra Leone and Guinea (CLSG) Electricity Networks Interconnection Project","17,958,000.00",Multinational,06 Nov 2013,Implementation,African Development Fund,Power,Sovereign
P-Z1-F00-058,"Multinational - Côte d'Ivoire, Liberia, Sierra Leone and Guinea (CLSG) Electricity Networks Interconnection Project","4,882,000.00",Multinational,06 Nov 2013,Implementation,African Development Fund,Power,Sovereign
P-Z1-F00-059,"Multinational - Côte d’Ivoire, Liberia, Sierra Leone and Guinea (CLSG) Electricity Networks Interconnection Project ","10,275,000.00",Multinational,06 Nov 2013,Implementation,African Development Fund,Power,Sovereign
P-Z1-FA0-048,Multinational - Study on the Cameroon-Chad Electricity Interconnection Project,"3,750,000.00",Multinational,07 Oct 2013,Completion,African Development Fund,Power,Sovereign
P-Z1-FA0-081,Multinational - Study on the Cameroon-Chad Electricity Interconnection Project,"1,064,039.15",Multinational,07 Oct 2013,Completion,African Development Fund,Power,Sovereign
P-GN-FA0-007,Guinea - Conakry Electricity Network Rehabilitation and Extension Project 2,"10,999,770.56",Guinea,11 Sep 2013,Completion,African Development Fund,Power,Sovereign
P-KM-FA0-001,Comoros - Energy Sector Support Project,"13,380,000.00",Comoros,11 Sep 2013,Implementation,African Development Fund,Power,Sovereign
P-Z1-FA0-054,"Multinational - The Inga Site Development and Electricity Access Support Project, phase 3","1,487,729.95",Multinational,23 Aug 2013,Implementation,NEPAD Infrastructure Project Preparation Facility,Power,Sovereign
P-Z1-FAB-021,Multinational - Gambia River Basin Development Organization (OMVG) Energy Project Complementary Studies,"1,443,251.36",Multinational,19 Aug 2013,Completion,NEPAD Infrastructure Project Preparation Facility,Power,Sovereign
P-CI-FA0-005,Côte d’Ivoire - CIPREL Power Expansion Project ,"41,605,297.84",Cote d'Ivoire,24 Jul 2013,Implementation,African Development Bank,Power,Non Sovereign
P-DJ-FA0-001,Djibouti - Geothermal Exploration Project in the Lake Assal Region,"3,800,000.00",Djibouti,28 Jun 2013,Implementation,African Development Fund,Power,Sovereign
,,,,,,,,
P-RW-FA0-006,Rwanda - Scaling Up Energy Access Project,"27,365,000.00",Rwanda,26 Jun 2013,Completion,African Development Fund,Power,Sovereign
P-CD-FA0-009,République Démocratique du Congo - Projet d' assistance technique cible au développement d'INGA3 (INGA/PATCD),"1,500,000.00","Congo, the Democratic Republic of the",13 May 2013,Implementation,Fragile States Facility,Power,Sovereign
P-KE-FZ0-004,Kenya - Lake Turkana Wind Power Project,"95,655,572.56",Kenya,26 Apr 2013,Completion,African Development Bank,Power,Non Sovereign
P-KE-FZ0-005,Kenya - Lake Turkana Wind Power Project,"4,158,937.56",Kenya,26 Apr 2013,Completion,African Development Bank,Power,Non Sovereign
P-KE-FZ0-007,Kenya - Lake Turkana Wind Power Project,"16,635,751.89",Kenya,26 Apr 2013,Completion,African Development Bank,Power,Non Sovereign
P-CD-FA0-005,République Démocratique du Congo - Projet d'appui pour création de l'agence pour le développement et la promotion du site d'INGA (INGA/ADEPI),"1,995,000.00","Congo, the Democratic Republic of the",17 Apr 2013,Implementation,Fragile States Facility,Power,Sovereign
P-MW-FA0-001,Malawi - Kholombidzo Hydro Electric Power Plant Feasibility Study,"2,000,000.00",Malawi,25 Mar 2013,Completion,African Development Fund,Power,Sovereign
P-NG-FD0-002,Nigeria - Indorama Fertilizer Plant,"70,476,633.47",Nigeria,30 Jan 2013,Implementation,African Development Bank,Power,Non Sovereign
P-CI-FA0-004,Côte d’Ivoire - Azito Power Expansion Project,"25,552,543.85",Cote d'Ivoire,19 Dec 2012,Implementation,African Development Bank,Power,Non Sovereign
P-Z1-F00-043,Multinational - Zizabona Power Interconnection Project,"1,369,139.12",Multinational,18 Dec 2012,Completion,NEPAD Infrastructure Project Preparation Facility,Power,Sovereign
P-CG-FA0-001,Congo - Rural Electrification Project,"10,000,000.00",Congo,06 Dec 2012,Implementation,African Development Fund,Power,Sovereign
P-Z1-FA0-022,Multinational - Ethiopia - Kenya Electricity Highway Project,"150,000,000.00",Multinational,19 Sep 2012,Implementation,African Development Fund,Power,Sovereign
P-Z1-FA0-026,Multinational - Project to Interconnect the Power Grids from the Boali Hydro-Power System - Phase I,"29,730,000.00",Multinational,19 Sep 2012,Implementation,African Development Fund,Power,Sovereign
P-Z1-FA0-044,Multinational - Ethiopia - Kenya Electricity Highway Project,"75,000,000.00",Multinational,19 Sep 2012,Implementation,African Development Fund,Power,Sovereign
P-Z1-FA0-047,Multinational - Project to Interconnect the Power Grids from the Boali Hydro-Power System - Phase I,"5,550,000.00",Multinational,19 Sep 2012,Implementation,African Development Fund,Power,Sovereign
P-GH-FD0-002,Ghana - Takoradi T2 Thermal Power Plant Expansion Project,"16,054,034.12",Ghana,11 Jul 2012,Completion,African Development Bank,Power,Non Sovereign
P-MA-FA0-003,Morocco - Integrated Wind/Hydro and Rural Electrification Programme,"113,342,512.68",Morocco,13 Jun 2012,Implementation,African Development Bank,Power,Sovereign
P-MA-FA0-004,Morocco - Integrated Wind/Hydro and Rural Electrification Programme,"35,213,127.45",Morocco,13 Jun 2012,Approved,African Development Bank,Power,Sovereign
P-MA-FA0-005,Morocco - Integrated Wind/Hydro and Rural Electrification Programme,"40,791,019.45",Morocco,13 Jun 2012,Implementation,African Development Bank,Power,Sovereign
P-MA-FA0-006,Morocco - Integrated Wind/Hydro and Rural Electrification Programme,"162,139,623.30",Morocco,13 Jun 2012,Implementation,African Development Bank,Power,Sovereign
,,,,,,,,
P-ZM-FA0-003,Zambia - Itezhi-Tezhi Hydro Power and Transmission Line Project ,"36,400,000.00",Zambia,13 Jun 2012,Implementation,African Development Fund,Power,Sovereign
P-ZM-FAB-004,Zambia - Itezhi-Tezhi Power Project,"25,018,790.80",Zambia,13 Jun 2012,Implementation,African Development Bank,Power,Non Sovereign
P-MA-FF0-001,Morocco - The Ouarzazate Solar Power Station Project – Phase I,"81,398,756.23",Morocco,16 May 2012,Completion,African Development Bank,Power,Sovereign
P-Z1-FA0-049,"Electrification transfrontalière CEEAC, phase 2","523,123.04",Multinational,06 Apr 2012,Completion,NEPAD Infrastructure Project Preparation Facility,Power,Sovereign
P-KE-FZ0-003,Kenya - Menengai Geothermal Development Project,"78,093,154.27",Kenya,14 Dec 2011,Completion,African Development Fund,Power,Sovereign
P-KE-FAA-001,Kenya - Thika Thermal Power Project,"23,560,780.11",Kenya,07 Dec 2011,Completion,African Development Bank,Power,Non Sovereign
P-CM-FA0-006,Cameroon - Lom-Pangar Hydroelectric Project,"44,930,000.00",Cameroon,10 Nov 2011,Completion,African Development Fund,Power,Sovereign
P-CV-FA0-002,Cape Verde - Electricity Transmission and Distribution Network Development Project,"49,442,063.62",Cape Verde,03 Nov 2011,Completion,African Development Fund,Power,Sovereign
P-CM-FA0-005,Cameroon - Kribi Power Project,"23,316,092.87",Cameroon,15 Jul 2011,Completion,African Development Bank,Power,Non Sovereign
P-UG-FAB-006,Uganda - Buseruka Hydropower Project - Supplementary Loan,"2,833,824.53",Uganda,04 Jul 2011,Completion,African Development Bank,Power,Non Sovereign
P-ZW-FA0-001,Zimbabwe - Emergency Power Infrastructure Rehabilitation Project,"22,281,998.39",Zimbabwe,30 Jun 2011,Completion,Zimbabwe Multi-donor Trust Fund,Power,Sovereign
P-ZA-F00-002,South Africa - Eskom Renewable Energy Project,"6,444,036.37",South Africa,30 May 2011,Completion,African Development Bank,Power,Sovereign
P-ZA-F00-004,South Africa - Eskom Renewable Energy Project,"143,408,427.20",South Africa,30 May 2011,Cancelled,African Development Bank,Power,Sovereign
P-EG-F00-002,Improv. Oper. Eff.  Exist. Power Plants,"490,400.00",Egypt,16 May 2011,Completion,Middle Income Countries Fund,Power,Sovereign
P-EG-FE0-004,Studying Integration Wind Power,"494,000.00",Egypt,16 May 2011,Completion,Middle Income Countries Fund,Power,Sovereign
P-RW-FG0-001,Rwanda - (Loan to KivuWatt Limited) - Lake Kivu Integrated Methane Gas Extraction and Power Production Facility,"17,619,158.37",Rwanda,03 Feb 2011,Implementation,African Development Bank,Power,Non Sovereign
P-GN-F00-004,Guinea - Rural Electrification Project  ,"14,960,000.00",Guinea,21 Jan 2011,Completion,African Development Fund,Power,Sovereign
P-Z1-FA0-029,Multinational - Guinea-Mali Electricity Interconnection Study,"2,480,255.93",Multinational,12 Jan 2011,Completion,African Development Fund,Power,Sovereign
P-CD-FA0-003,Democratic Republic of Congo - Semi-Urban and Rural Electrification Project,"69,690,000.00","Congo, the Democratic Republic of the",15 Dec 2010,Implementation,African Development Fund,Power,Sovereign
P-EG-FAA-016,Egypt - Suez 650 MW Steam Cycle Thermal Power Plant Project,"318,990,829.01",Egypt,15 Dec 2010,Implementation,African Development Bank,Power,Sovereign
,,,,,,,,
P-ET-FA0-008,Ethiopia - Electricity Transmission System Improvement Project,"148,156,558.84",Ethiopia,06 Dec 2010,Completion,African Development Fund,Power,Sovereign
P-KE-FA0-004,Kenya - Power Transmission System Improvement Project,"43,648,387.28",Kenya,06 Dec 2010,Completion,African Development Fund,Power,Sovereign
P-TZ-FA0-009,Tanzania - Iringa-Shinyanga Transmission Line Project,"85,691,561.71","Tanzania, United Republic of",26 Oct 2010,Implementation,African Development Fund,Power,Sovereign
P-SL-F00-005,Sierra Leone - The Bumbuna Hydroelectric Project,"697,291.29",Sierra Leone,29 Sep 2010,Completion,Nigerian Trust Fund,Power,Sovereign
P-CM-FA0-003,Cameroon - Project to Strengthen and Extend the Electricity Transmission and Distribution Networks,"51,238,951.70",Cameroon,15 Sep 2010,Implementation,African Development Fund,Power,Sovereign
P-Z1-FAD-003,Multinational - Ethiopia-Kenya Power Interconnection: Phase II,"651,856.49",Multinational,15 Jul 2010,Completion,NEPAD Infrastructure Project Preparation Facility,Power,Sovereign
P-BF-FA0-006,Burkina Faso - Electricity Infrastructure Strengthening and Rural Electrification Project,"24,521,638.96",Burkina Faso,07 Jul 2010,Completion,African Development Fund,Power,Sovereign
P-Z1-FA0-032,"Multinational - Supplementary Loan to Kenya for the Kenyan Section of Interconnection Project of Electric Grids of Nile Equatorial Lakes Countries
(Amendment to Resolution N° F/Z1/2008/36)
(Amount Revised)","21,416,407.12",Multinational,16 Jun 2010,Completion,African Development Fund,Power,Sovereign
,,,,,,,,
P-CV-FE0-001,Cape Verde - Cabeólica Wind Power Project Cost,"11,681,418.14",Cape Verde,19 May 2010,Implementation,African Development Bank,Power,Non Sovereign
P-CM-FAA-002,Cameroon - The Dibamba Power Project,"18,331,618.59",Cameroon,28 Apr 2010,Completion,African Development Bank,Power,Non Sovereign
P-EG-FC0-002,Egypt - Egyptian Refining Company (ERC),"141,679,181.66",Egypt,17 Mar 2010,Implementation,African Development Bank,Power,Non Sovereign
P-EG-FC0-003,Egyptian Refining Company Sub Conv Loan,"17,967,643.87",Egypt,17 Mar 2010,Implementation,African Development Bank,Power,Non Sovereign
P-TN-FD0-004,"Tunisia - ""Entreprise Tunisienne d’Activités Pétrolières"" (ETAP) - Hasdrubal Oil and Gas Field Development Project","106,656,048.46",Tunisia,17 Mar 2010,Completion,African Development Bank,Power,Non Sovereign
P-MA-FAC-014,Morocco - Power Transmission and Distribution Development Project,"80,232,693.04",Morocco,02 Dec 2009,Implementation,African Development Bank,Power,Sovereign
P-SN-F00-004,Senegal - Sendou Power Project,"44,103,378.32",Senegal,25 Nov 2009,Completion,African Development Bank,Power,Non Sovereign
P-ZA-FAA-001,South Africa - Medupi  Power Project,"1,212,298,620.08",South Africa,25 Nov 2009,Implementation,African Development Bank,Power,Sovereign
P-BW-FF0-001,Botswana - Feasibility Study for a 200 Megawatts Concentrating Solar Power Plant,"600,000.00",Botswana,03 Nov 2009,Completion,Middle Income Countries Fund,Power,Sovereign
P-BW-FA0-001,Botswana - The Morupule B Power Project,"35,138,174.64",Botswana,28 Oct 2009,Completion,African Development Bank,Power,Sovereign
P-NG-FA0-002,Nigeria - The Economic and Power Sector Reform Program (EPSERP),"100,000,000.00",Nigeria,28 Oct 2009,Completion,African Development Fund,Power,Sovereign
,,,,,,,,
P-TN-FA0-002,Tunisia - The Electricity Distribution Networks Rehabilitation and Restructuring Project ,"35,283,935.20",Tunisia,02 Sep 2009,Completion,African Development Bank,Power,Sovereign
P-KE-FA0-003,Kenya - The Mombasa-Nairobi Transmission Line Project,"30,386,965.42",Kenya,06 May 2009,Completion,African Development Fund,Power,Sovereign
P-LS-FA0-001,Lesotho - Electricity Supply Project,"10,850,690.65",Lesotho,04 Feb 2009,Completion,African Development Fund,Power,Sovereign
P-EG-FAA-014,Egypt - The Ain Sokhna Thermal Power Project,"274,280,953.87",Egypt,22 Dec 2008,Completion,African Development Bank,Power,Sovereign
P-UG-FA0-004,Uganda - The Mbarara-Nkenda & Tororo-Lira Power Transmission Lines Project,"43,940,800.00",Uganda,16 Dec 2008,Completion,African Development Fund,Power,Sovereign
P-Z1-FA0-030,Multinational - The Interconnection of Electric Grids of Nile Equatorial Lakes Countries (Grant  to NBI),"1,207,233.55",Multinational,27 Nov 2008,Completion,African Development Fund,Power,Sovereign
P-Z1-FA0-031,Multinational - The Interconnection of Electric Grids of Nile Equatorial Lakes Countries (Grant  to the Republic of Rwanda),"30,470,000.00",Multinational,27 Nov 2008,Implementation,African Development Fund,Power,Sovereign
P-Z1-FA0-033,Multinational - The Interconnection of Electric Grids of Nile Equatorial Lakes Countries,"43,640,334.43",Multinational,27 Nov 2008,Completion,African Development Fund,Power,Sovereign
P-Z1-FA0-034,Multinational - The Interconnection of Electric Grids of Nile Equatorial Lakes Countries (Grant  to the Republic of Burundi),"15,150,000.00",Multinational,27 Nov 2008,Implementation,African Development Fund,Power,Sovereign
P-Z1-FA0-035,Multinational - The Interconnection of Electric Grids of Nile Equatorial Lakes Countries (Grant  to the Democratic Republic of Congo),"27,620,000.00",Multinational,27 Nov 2008,Implementation,African Development Fund,Power,Sovereign
P-GN-FA0-005,Guinea - The Conakry Electrical Networks Rehabilitation and Extension Project (PREREC),"12,000,000.00",Guinea,29 Oct 2008,Completion,African Development Fund,Power,Sovereign
P-SL-F00-003,Sierra Leone - The Bumbuna Hydroelectric Project (Supplementary Loan),"6,654,697.19",Sierra Leone,08 Oct 2008,Completion,African Development Fund,Power,Sovereign
P-Z1-FA0-023,Multinational - The Power Interconnection Project (Supplementary Loan to the Federal Democratic Republic of Ethiopia),"4,558,109.20",Multinational,08 Oct 2008,Completion,African Development Fund,Power,Sovereign
P-Z1-FA0-025,Multinational - The Power Interconnection Project (Grant to provide supplementary funding to the Republic of Djibouti),"15,720,000.00",Multinational,08 Oct 2008,Completion,African Development Fund,Power,Sovereign
P-UG-FAB-005,Uganda - Buseruka Hydropower Project,"6,376,105.19",Uganda,09 Jul 2008,Completion,African Development Bank,Power,Non Sovereign
P-Z1-FA0-014,Multinational - Study on the Development of Inga Hydropower Site and Associated Power Interconnections,"9,510,000.00",Multinational,30 Apr 2008,Completion,African Development Fund,Power,Sovereign
P-CV-FA0-001,"Projet de Renforcement des Capacités de Production, Transport et Distribution sur l'île de Santiago","34,558,932.02",Cape Verde,19 Dec 2007,Completion,African Development Fund,Power,Sovereign
P-CD-FA0-001,République Démocratique du Congo - Projet de réhabilitation et de renforcement des centrales Hydroélectriques d'Inga et du réseau de distribution (PMEDE),"35,700,000.00","Congo, the Democratic Republic of the",18 Dec 2007,Completion,African Development Fund,Power,Sovereign
P-MA-FAC-013,Morocco - Ain Beni Mathar Solar Thermal Power Plant Project (Supplementary Loan),"124,614,181.65",Morocco,17 Dec 2007,Completion,African Development Bank,Power,Sovereign
P-TZ-FA0-008,Electricity V,"22,879,520.01","Tanzania, United Republic of",14 Dec 2007,Completion,African Development Fund,Power,Sovereign
,,,,,,,,
P-GH-F00-003,Power System Reinforcement Project,"21,937,596.54",Ghana,28 Nov 2007,Completion,African Development Fund,Power,Sovereign
P-EG-FAA-013,Abu Qir 1300 Mw Steam Power Project,"196,514,855.68",Egypt,14 Nov 2007,Completion,African Development Bank,Power,Sovereign
P-BI-FA0-002,Burundi - The Electricity Infrastructure Rehabilitation and Extension Project,"7,320,000.00",Burundi,05 Jul 2007,Completion,African Development Fund,Power,Sovereign
P-MG-FAB-002,Sahanivotry Small Hydro Power,"5,019,828.32",Madagascar,05 Jul 2007,Completion,African Development Bank,Power,Non Sovereign
P-UG-FA0-002,Uganda - Bujagali Interconnection Project,"41,415,777.34",Uganda,28 Jun 2007,Completion,African Development Fund,Power,Sovereign
P-ZA-F00-001,Eskom Holdings Limited,"354,160,321.29",South Africa,28 Jun 2007,Implementation,African Development Bank,Power,Non Sovereign
P-UG-FAB-004,Bujagali Hydropower Project,"79,524,012.64",Uganda,02 May 2007,Implementation,African Development Bank,Power,Non Sovereign
P-Z1-F00-035,Assistance à l'omvg pour la Realisation de Son Programme Energie e Sous Forme de Ppp,"521,485.19",Multinational,18 Apr 2007,Cancelled,Fund for African Private Sector Assistance,Power,Sovereign
P-Z1-F00-030,Ghana - Togo - Benin Power Interconnect,"14,056,859.49",Multinational,04 Apr 2007,Completion,African Development Fund,Power,Sovereign
P-Z1-F00-034,Multinational - Benin-Togo-Ghana Power Interconnect,"17,390,000.00",Multinational,04 Apr 2007,Completion,African Development Fund,Power,Sovereign
P-ET-FA0-006,Rural Electrification Project II,"86,527,633.72",Ethiopia,20 Dec 2006,Completion,African Development Fund,Power,Sovereign
P-Z1-FAB-006,Multinational - Study on Power Transmission Lines Related to the Rusumo Falls Dam,"2,080,691.52",Multinational,27 Oct 2006,Completion,African Development Fund,Power,Sovereign
P-MZ-FA0-006,Electricity  IV Project,"24,510,347.35",Mozambique,07 Sep 2006,Completion,African Development Fund,Power,Sovereign
P-CM-FA0-002,Programme d'investissement AES Sonel,"49,114,707.40",Cameroon,10 May 2006,Completion,African Development Bank,Power,Non Sovereign
P-EG-FAA-012,El Kureimat Cc Power Plant Project,"146,218,032.98",Egypt,27 Jul 2005,Completion,African Development Bank,Power,Sovereign
P-SN-FAA-001,Sénégal - Projet de la centrale thermique de Kounoune,"5,974,115.30",Senegal,22 Jun 2005,Implementation,African Development Bank,Power,Non Sovereign
P-MA-FAC-012,Ain Beni Mathar (ABM) solar thermal power plant project,"111,068,602.87",Morocco,02 Mar 2005,Completion,African Development Bank,Power,Sovereign
P-Z1-FA0-009,Multinational - Etudes sur la production et le transport de la ligne d'interconnexion électrique des pays membres de l'OMVG.,"3,409,472.69",Multinational,26 Jan 2005,Completion,African Development Fund,Power,Sovereign
P-Z1-FA0-008,Multinational - Power Interconnection Project,"20,259,287.10",Multinational,13 Dec 2004,Completion,African Development Fund,Power,Sovereign
P-Z1-FA0-010,Multinational - Ethiopia-Djibouti Electricity Interconnection (Djibouti),"17,185,463.29",Multinational,13 Dec 2004,Completion,African Development Fund,Power,Sovereign
,,,,,,,,
P-SN-FA0-002,Projet d'électrification rurale,"5,938,233.14",Senegal,13 Oct 2004,Completion,African Development Fund,Power,Sovereign
P-Z1-FA0-006,Eastern Nile Power Trade Program Study,"2,625,147.68",Multinational,31 Mar 2004,Completion,African Development Fund,Power,Sovereign
P-TN-FAC-002,Tunisia - Electricity Distribution Network Rehabilitation Project (Electricity VII),"63,350,487.80",Tunisia,10 Dec 2003,Completion,African Development Bank,Power,Sovereign
P-MZ-FA0-005,Energy Reform and Access Program (Erap),"9,855,885.56",Mozambique,05 Nov 2003,Completion,African Development Fund,Power,Sovereign
P-Z1-FA0-005,Multinational - Projet d’interconnexion des réseaux électriques des Pays des Lacs Équatoriaux du Nil.,"2,082,817.57",Multinational,05 Nov 2003,Completion,African Development Fund,Power,Sovereign
P-BJ-FA0-002,Benin - Second Rural Electrification Project,"12,320,000.00",Benin,29 Oct 2003,Completion,African Development Fund,Power,Sovereign
P-ML-F00-006,Etude d'electrification Rurale,"1,100,441.77",Mali,24 Sep 2003,Completion,African Development Fund,Power,Sovereign
P-Z1-FA0-004,Multinational - Electrical interconnection study of ECCAS member countries,"2,485,756.93",Multinational,21 Jul 2003,Completion,African Development Fund,Power,Sovereign
P-Z1-F00-013,Multinational - Nigeria-Togo-Benin Power System Interconnexion Project,"11,027,216.99",Multinational,27 Nov 2002,Completion,African Development Fund,Power,Sovereign
P-NG-FD0-001,Nigeria Liquified Natural Gas,"65,185,648.73",Nigeria,20 Nov 2002,Completion,African Development Bank,Power,Non Sovereign
P-MA-FAC-011,Morocco - Electricity Power Grid Interconnection Strengthening Project,"66,294,313.61",Morocco,13 Nov 2002,Completion,African Development Bank,Power,Sovereign
P-GM-FG0-001,Gambia - Renewable Energy Study,"613,529.71",Gambia,30 Oct 2002,Completion,African Development Fund,Power,Sovereign
P-GN-F00-003,Etudes Plan Directeur et Projet d'electrification Rurale,"1,342,599.09",Guinea,11 Sep 2002,Completion,African Development Fund,Power,Sovereign
P-NE-F00-002,Niger - Study on the Preparation of a National Domestic Energy Strategy (SNED),"627,164.44",Niger,03 Jul 2002,Completion,African Development Fund,Power,Sovereign
P-BF-FA0-002,Burkina Faso - Etude d’Électrification Rurale,"847,540.08",Burkina Faso,17 Apr 2002,Completion,African Development Fund,Power,Sovereign
P-ET-FA0-004,Ethiopia - Rural Electrification Project,"34,233,619.09",Ethiopia,17 Dec 2001,Completion,African Development Fund,Power,Sovereign
P-MZ-FA0-004,Mozambique - Rural electrification project (Electricity III),"10,384,826.46",Mozambique,03 Sep 2001,Completion,African Development Fund,Power,Sovereign
P-TZ-FA0-005,Tanzania - Rural Electrification Study,"1,870,000.00","Tanzania, United Republic of",28 Jun 2001,Completion,African Development Fund,Power,Sovereign
P-GM-FA0-001,Gambia - Rural Electrification Project,"2,839,871.01",Gambia,14 Dec 2000,Completion,African Development Fund,Power,Sovereign
P-UG-FZ0-001,Uganda - Alternative Energy Resource Assessment and Utilization Study,"1,443,192.08",Uganda,18 Oct 2000,Completion,African Development Fund,Power,Sovereign
,,,,,,,,
P-Z1-FA0-003,Multinational – Octroi d'un don à l’Organisation pour la mise en valeur du fleuve Gambie en vue de financer l'Etude des moyens de production et de transport de l’énergie électrique des pays membres,"1,619,845.27",Multinational,07 Jul 2000,Completion,African Development Fund,Power,Sovereign
P-BJ-FA0-001,Benin - Project for the Electrification of seventeen Rural Centres,"4,786,019.01",Benin,28 Jun 2000,Completion,African Development Fund,Power,Sovereign
P-MZ-FA0-001,Mozambique - Electricity Master Plan Study,"994,000.00",Mozambique,15 Jun 2000,Completion,African Development Fund,Power,Sovereign
P-Z1-F00-023,Multinational - OMVS (Mali-Mauritania-Senegal): Manantali Energy Project,"34,571,025.97",Multinational,22 Mar 2000,Completion,African Development Fund,Power,Sovereign
P-ZM-FA0-001,Zambia -  Victoria Falls-Katima Mulilo 132 KV Interconnection Project,"4,752,732.53",Zambia,01 Dec 1999,Completion,African Development Fund,Power,Sovereign
P-TN-FAC-001,Tunisia - Rural Electrification Project (Electricity VI),"45,036,409.68",Tunisia,09 Jun 1999,Completion,African Development Bank,Power,Sovereign
P-CI-FA0-001,Côte d’Ivoire - Azito Power Project,"9,125,990.82",Cote d'Ivoire,12 Nov 1998,Completion,African Development Bank,Power,Non Sovereign
P-SN-F00-003,Senegal - Energy Sector Adjustment Programme (ESAP),"6,000,000.00",Senegal,28 Oct 1998,Completion,African Development Fund,Power,Sovereign
P-DZ-FD0-001,Algeria - Gas Transport and Distribution Project,"33,141,492.18",Algeria,08 Jul 1998,Completion,African Development Bank,Power,Sovereign
P-NA-F00-004,Namibia - 400 kv interconnector project (electricity i project),"3,654,062.15",Namibia,29 Apr 1998,Completion,African Development Bank,Power,Sovereign
P-CM-FA0-001,Cameroon - Rural Electrification Master Plan Study,"437,492.81",Cameroon,10 Dec 1997,Completion,African Development Fund,Power,Sovereign
P-BJ-F00-005,Benin - Rural Electrification Program Study,"666,637.76",Benin,12 Nov 1997,Cancelled,African Development Fund,Power,Sovereign
P-MA-FAC-008,Morocco - Renewal of Electricity Transmission and Supply Networks Project,"22,278,057.70",Morocco,14 Oct 1997,Completion,African Development Bank,Power,Sovereign
P-MZ-F00-001,"Mozambique - Electricity Project, Phase 2","14,750,267.52",Mozambique,12 Dec 1996,Completion,African Development Fund,Power,Sovereign
P-UG-FA0-001,Uganda - Urban Power Rehabilitation Project,"11,843,045.55",Uganda,06 Nov 1996,Completion,African Development Fund,Power,Sovereign
P-DZ-FAD-001,Algeria - Electricity Project IV,"54,758,416.86",Algeria,20 Sep 1994,Completion,African Development Bank,Power,Sovereign
P-ET-FAB-003,Ethiopia - Feasibility Study of Hydroelectric Projects,"2,346,723.54",Ethiopia,24 Nov 1993,Completion,African Development Fund,Power,Sovereign
P-SD-FAB-001,Feas. Study O Hydro-Electric Project,"630,843.36",Sudan,24 Nov 1993,Completion,African Development Fund,Power,Sovereign
P-ST-FA0-001,"Sao Tome and Principe - Project for the rehabilitation, reinforcement and expansion of transport networks and electricity distribution in Sao Tome (Electricity I)","1,938,325.72",Sao Tome and Principe,24 Nov 1993,Completion,African Development Fund,Power,Sovereign
P-GM-F00-001,Gambia - Rural Electrification Study,"749,291.15",Gambia,21 Oct 1993,Completion,African Development Fund,Power,Sovereign
,,,,,,,,
P-TZ-FB0-001,Mchuchuma Colliery and Power Plant Study,"1,751,760.58","Tanzania, United Republic of",21 Oct 1993,Completion,African Development Fund,Power,Sovereign
P-UG-FAB-002,Hydro Power Development Master Plan,"475,223.52",Uganda,21 Oct 1993,Completion,African Development Fund,Power,Sovereign
P-Z1-F00-009,Multinational - Projet d'étude pour l'interconnexion des réseaux électriques de Côte d'Ivoire et du Mali,"838,730.87",Multinational,31 Aug 1993,Completion,African Development Fund,Power,Sovereign
P-Z1-F00-020,Multimedia Manuscript Retrieval System,"276,316.00",Multinational,27 Aug 1993,Completion,African Development Fund,Power,Sovereign
P-Z1-F00-019,Electric.Energy&Transmis.Invest.Omvg M.C,"650,405.33",Multinational,23 Jun 1993,Completion,African Development Fund,Power,Sovereign
P-KE-FA0-001,Rural Electrification Study,"708,221.95",Kenya,05 May 1993,Completion,African Development Fund,Power,Sovereign
P-TN-FAD-004,Electrification Rurale (Electricite V),"29,853,880.80",Tunisia,03 Mar 1993,Completion,African Development Bank,Power,Sovereign
P-Z1-FA0-001,Etude d'électrification Régionale Burundi/Tanzanie,"186,873.94",Multinational,02 Mar 1993,Completion,African Development Fund,Power,Sovereign
P-EG-FAA-010,Egypt - Solar Heat and Conservation Energy Study,"1,513,642.84",Egypt,06 Jan 1993,Completion,African Development Fund,Power,Sovereign
P-LS-FAB-001,Muela Hydro-Power Project (Adb/Adf/Taf),"505,997.63",Lesotho,15 Dec 1992,Cancelled,African Development Fund,Power,Sovereign
P-ET-FA0-002,North Eth. Power Transmission Project,"46,827,971.40",Ethiopia,14 Dec 1992,Completion,African Development Bank,Power,Sovereign
P-Z1-FAC-002,Multinational - Ethiopia-Sudan Power System Interconnexion Study,"546,126.25",Multinational,02 Oct 1992,Completion,African Development Fund,Power,Sovereign
P-GN-F00-001,Projet Electricite I,"11,338,823.99",Guinea,24 Jun 1992,Completion,African Development Bank,Power,Sovereign
P-SD-FAA-001,Khartoum North Power Station Study,"623,005.20",Sudan,26 Feb 1992,Completion,African Development Fund,Power,Sovereign
P-TD-FA0-001,TCHAD - Etude du plan directeur du sous-secteur de l'électricité.,"940,153.21",Chad,16 Dec 1991,Completion,African Development Fund,Power,Sovereign
P-TZ-FA0-002,Tanzania - Electricity IV Project,"25,514,643.83","Tanzania, United Republic of",16 Dec 1991,Completion,African Development Fund,Power,Sovereign
P-Z1-F00-016,Multinational - Programme énergétique africain,"3,453,945.00",Multinational,25 Sep 1991,Completion,African Development Fund,Power,Sovereign
P-ML-F00-001,"Mali - Projet électrification, phase 2. Réhabilitation et extension des réseaux de distribution de Bamako","8,406,926.11",Mali,28 Aug 1991,Completion,African Development Fund,Power,Sovereign
P-MZ-F00-002,"Mozambique - Electricity Project, Phase I","12,931,653.01",Mozambique,27 Aug 1991,Completion,African Development Fund,Power,Sovereign
P-UG-FAB-001,Uganda - Extension to Owen Falls Generating Station,"18,372,946.47",Uganda,27 Aug 1991,Completion,African Development Fund,Power,Sovereign
,,,,,,,,
P-ZW-F00-002,Power Studies,"663,916.65",Zimbabwe,21 May 1991,Completion,African Development Fund,Power,Sovereign
P-Z1-FAB-001,Multinational - Batoka Gorge Hydropower Study,"2,519,233.96",Multinational,29 Jan 1991,Completion,African Development Fund,Power,Sovereign
P-SL-F00-002,Sierra Leone - Bumbuna Hydro-Electric Project (BHP),"34,649,933.64",Sierra Leone,18 Dec 1990,Completion,African Development Fund,Power,Sovereign
P-EG-FAA-009,El Kureimat Power Project,"122,072,098.91",Egypt,17 Dec 1990,Completion,African Development Bank,Power,Sovereign
P-ZW-F00-001,Electricity II (ADB/ADF),"10,637,804.40",Zimbabwe,20 Nov 1990,Completion,African Development Bank,Power,Sovereign
P-ET-FAB-002,Aleltu Hydroelectric Feasibility Study,"1,576,867.85",Ethiopia,29 Oct 1990,Completion,African Development Fund,Power,Sovereign
P-Z1-FAC-001,Multinational - Etude de l'Interconnexion des Réseaux entre le Zaïre et en Egypte,"2,725,139.65",Multinational,12 Jun 1990,Completion,African Development Fund,Power,Sovereign
P-EG-FAA-008,El Arish Power Project,"50,013,382.84",Egypt,18 Dec 1989,Completion,African Development Bank,Power,Sovereign
P-TN-FAD-003,Projet d'électrification Rurale - Phase IV,"28,440,000.00",Tunisia,16 Oct 1989,Completion,African Development Bank,Power,Sovereign
P-Z1-F00-018,Etude Hydrologique dans 42 Pays Afriques,"1,000,643.58",Multinational,23 Aug 1989,Completion,African Development Fund,Power,Sovereign
P-ZM-FAB-002,Zambia - Rehabilitation of Kafue Gorge Power Station Project,"6,592,725.71",Zambia,14 Jun 1989,Completion,African Development Fund,Power,Sovereign
P-ZR-FA0-003,Electricite Iv,"64,460,000.00",Ex Zaire,12 Jun 1989,Cancelled,African Development Bank,Power,Sovereign
P-MA-FAC-006,Electricity VII,"37,950,020.73",Morocco,23 Mar 1989,Completion,African Development Bank,Power,Sovereign
P-SD-FAA-002,Port Sudan Power/Water Desalinat Study,"764,825.62",Sudan,23 Mar 1989,Completion,African Development Fund,Power,Sovereign
P-TZ-FAC-001,Tanzania - Zanzibar and Pemba Power Systems Rehabilitation Project,"11,911,164.77","Tanzania, United Republic of",19 Jan 1989,Completion,African Development Fund,Power,Sovereign
P-CF-FAB-001,Electricite II   (Barrage de la Mbali),"11,051,868.44",Central African Republic,23 Nov 1988,Completion,African Development Fund,Power,Sovereign
P-MA-FAB-002,Matmata Hydro-electric Project,"49,088,735.98",Morocco,18 Oct 1988,Completion,African Development Bank,Power,Sovereign
P-EG-FAA-007,Cairo West Power,"241,248,161.26",Egypt,23 Aug 1988,Completion,African Development Bank,Power,Sovereign
P-CI-F00-001, Programme d'ajustement du secteur de l'énergie,"120,000,000.00",Cote d'Ivoire,23 Jun 1988,Completion,African Development Bank,Power,Sovereign
P-GW-F00-001,Guinée-Bissau - Projet de Réhabilitation et d’Extension de la Centrale Thermique et des Réseaux de Distribution de Bissau,"4,125,122.36",Guinea-Bissau,26 Oct 1987,Completion,African Development Fund,Power,Sovereign
,,,,,,,,
P-ZW-FAB-001,Power System Rehabilitation (electrification I) Project,"14,575,182.84",Zimbabwe,26 Oct 1987,Completion,African Development Bank,Power,Sovereign
P-SO-F00-001,Mogadishu Power Rehabilitation Project,"3,611,015.82",Somalia,17 Sep 1987,Completion,African Development Fund,Power,Sovereign
P-Z1-F00-007,"Communauté
électrique du Bénin’s (CEB) Electric Energy Production Dispatching and Transport
Project","6,771,205.15",Multinational,19 Aug 1987,Completion,African Development Fund,Power,Sovereign
P-RW-FA0-001,Projet d'électrification dans 6 Centres Secondaires,"5,785,554.51",Rwanda,17 Aug 1987,Completion,African Development Fund,Power,Sovereign
P-ET-FA0-001,Eectricity I,"34,266,776.80",Ethiopia,22 Dec 1986,Completion,African Development Bank,Power,Sovereign
P-EG-FAA-006,Damietta Power,"100,260,247.29",Egypt,19 Dec 1986,Completion,African Development Bank,Power,Sovereign
P-ZR-FAB-001,Projet électrification 3 (Centrale hydroélectrique de Katende),"17,260,648.45",Ex Zaire,18 Dec 1986,Cancelled,African Development Bank,Power,Sovereign
P-SD-FAC-002,Power Project II,"38,177,750.61",Sudan,27 Nov 1986,Completion,African Development Fund,Power,Sovereign
P-SN-FA0-001, Programme de redressement du secteur de l'électricité du Sénégal,"10,336,600.00",Senegal,23 Sep 1986,Completion,African Development Bank,Power,Sovereign
P-SN-F00-001, Projet d'électrification rurale et urbaine au Sénégal,"6,369,722.75",Senegal,26 Aug 1986,Completion,African Development Fund,Power,Sovereign
P-MA-FAB-001,Inventaire et Etudes de micro-centrales hydro-électriques,"787,472.81",Morocco,18 Jun 1986,Completion,African Development Fund,Power,Sovereign
P-GH-F00-001,Brong Ahafo Electricity Network,"24,344,460.80",Ghana,17 Jun 1986,Completion,African Development Bank,Power,Sovereign
P-ET-FAB-001,Chemoga-Yeda Hydro Power Study,"545,350.84",Ethiopia,20 Nov 1985,Completion,African Development Fund,Power,Sovereign
P-CM-FAB-001,Barrage de la MAPE,"9,884,277.33",Cameroon,28 Aug 1985,Completion,African Development Bank,Power,Sovereign
P-EG-FAA-005,Shoubrah El Kheima Electrification Iv,"36,037,053.49",Egypt,28 Aug 1985,Completion,African Development Bank,Power,Sovereign
P-LS-FAA-001,Oxbow H.E.P. Scheme Study (Taa),"1,024,462.42",Lesotho,17 Jun 1985,Completion,African Development Fund,Power,Sovereign
P-ML-F00-004,Mali - Projet d'études sur le transport d'électricité,"891,669.64",Mali,11 Apr 1985,Completion,African Development Fund,Power,Sovereign
P-GQ-FA0-001,Etude Electrification de 10 Villes,"349,296.94",Equatorial Guinea,22 Jan 1985,Cancelled,African Development Fund,Power,Sovereign
P-DJ-FG0-001,Exploitation Geothermique,"2,348,342.40",Djibouti,19 Nov 1984,Completion,African Development Fund,Power,Sovereign
P-CF-FA0-001,Etudes Réhabilitation  et Extension des Réseaux Electriques,"201,602.75",Central African Republic,15 Jun 1984,Completion,African Development Fund,Power,Sovereign
,,,,,,,,
P-TN-FAD-002,Electrification Urbaine,"20,670,000.00",Tunisia,13 Jun 1984,Completion,African Development Bank,Power,Sovereign
P-BF-FAB-001,Burkina Faso - Barrage Hydro-Electrique de Kompienga,"21,798,493.21",Burkina Faso,08 Feb 1984,Completion,African Development Bank,Power,Sovereign
P-Z1-FAB-003,Nangbeto Hydroelectric Dam (Benin & Togo),"8,556,183.31",Multinational,18 Jan 1984,Completion,African Development Bank,Power,Sovereign
P-ML-F00-005,Mali - Projet de création du centre régional pour les énergies solaires (CRES) à Bamako,"10,361,834.89",Mali,24 Nov 1983,Completion,African Development Fund,Power,Sovereign
P-ZR-FA0-002,Projet d'électrification Rurale dans la Région du Bas-Congo,"13,999,711.16",Ex Zaire,10 Nov 1983,Completion,African Development Fund,Power,Sovereign
P-KE-FAB-001,Kiambere Hydro-Electric Power (ADB) (P),"20,312,803.63",Kenya,08 Nov 1983,Completion,African Development Bank,Power,Sovereign
P-ZR-FA0-001,Projet Electrique à Kinshasa,"33,385,648.72",Ex Zaire,08 Nov 1983,Completion,African Development Bank,Power,Sovereign
P-EG-FAC-001,Shoubrah El Kheima Interc.Transm. Syst,"21,175,484.53",Egypt,26 May 1983,Completion,African Development Bank,Power,Sovereign
P-BI-FAB-001,Projet Hydro-Electrique Rwegura (BAD),"12,744,848.69",Burundi,30 Sep 1982,Completion,African Development Bank,Power,Sovereign
P-BW-FAA-001,Morpupe Power Station (ADB),"13,338,954.31",Botswana,30 Sep 1982,Completion,African Development Bank,Power,Sovereign
P-TZ-FA0-001,Tanzania - Rural electrification Newala - Masasi project,"11,772,304.58","Tanzania, United Republic of",24 Jun 1982,Completion,African Development Fund,Power,Sovereign
P-BJ-F00-001,Water and electricity supply for nine district chief towns,"8,289,467.92",Benin,18 Mar 1982,Completion,African Development Fund,Power,Sovereign
P-MA-FAC-005,Electricity Project V,"10,000,000.00",Morocco,27 Oct 1981,Completion,African Development Bank,Power,Sovereign
P-EG-FAD-002,Rural Electrification (Phase II),"4,501,167.17",Egypt,25 Jun 1981,Completion,African Development Fund,Power,Sovereign
P-TN-FAD-005,Electrification Rurale Phase II,"10,000,000.00",Tunisia,27 Feb 1981,Completion,African Development Bank,Power,Sovereign
P-GN-FA0-001,Etude Eau - Electricite,"1,265,231.99",Guinea,18 Dec 1980,Completion,African Development Fund,Power,Sovereign
P-SZ-FAB-001,Lupohlo-Ezulwini Hydro Power,"4,699,165.05",Eswatini,28 Nov 1980,Completion,African Development Bank,Power,Sovereign
P-EG-FAA-004,Shoubrah El Kheima Power Project,"10,000,000.00",Egypt,23 Sep 1980,Completion,African Development Bank,Power,Sovereign
P-GA-FA0-001,Electrification de Libreville,"5,243,823.81",Gabon,17 Jun 1980,Completion,African Development Bank,Power,Sovereign
P-MW-FAB-002,Malawi - Rural Electrification Project,"5,485,817.15",Malawi,17 Jun 1980,Completion,African Development Fund,Power,Sovereign
,,,,,,,,
P-MA-FAC-004,Electricity Project IV,"7,600,000.00",Morocco,27 Nov 1979,Completion,African Development Bank,Power,Sovereign
P-TZ-FA0-004,Kidatu - Mufindi Power Transmission (P),"7,937,349.99","Tanzania, United Republic of",27 Nov 1979,Completion,African Development Bank,Power,Sovereign
P-EG-FAD-001,Rural Electrification Project I (ADF),"7,368,416.01",Egypt,26 Sep 1979,Completion,African Development Fund,Power,Sovereign
P-GW-F00-005,Electrification de 7 Centres Urbains,"6,013,876.80",Guinea-Bissau,30 Aug 1979,Completion,African Development Fund,Power,Sovereign
P-BJ-F00-004,Etudes  d' Adduction  d'eau et d'électricité,"662,124.73",Benin,22 Mar 1979,Completion,African Development Fund,Power,Sovereign
P-Z1-F00-014,Barrage de Diama,"25,422,599.92",Multinational,22 Mar 1979,Completion,African Development Fund,Power,Sovereign
P-TN-FAD-001,Projet d'électrification rurale dans le sud tunisien,"8,000,000.00",Tunisia,21 Mar 1979,Completion,African Development Bank,Power,Sovereign
P-ET-FAC-001,Rural Electrification  (Adb/Ntf),"6,496,204.16",Ethiopia,27 Feb 1979,Completion,African Development Bank,Power,Sovereign
P-GM-F00-003,Electricity Project (Phase II),"4,979,528.24",Gambia,23 Jan 1979,Completion,African Development Bank,Power,Sovereign
P-GW-F00-003,Electricite,"1,010,000.00",Guinea-Bissau,21 Nov 1978,Completion,African Development Bank,Power,Sovereign
P-GW-F00-004,Centrale Thermique,"2,577,236.30",Guinea-Bissau,21 Nov 1978,Completion,Nigerian Trust Fund,Power,Sovereign
P-BJ-F00-003,Electrification Cimenterie,"4,999,999.16",Benin,17 Oct 1978,Completion,African Development Bank,Power,Sovereign
P-CI-F00-002,Interconnection Electrique,"3,592,299.62",Cote d'Ivoire,22 Aug 1978,Completion,African Development Bank,Power,Sovereign
P-DZ-FAC-003,Algeria - Electricity Project III,"4,325,470.09",Algeria,22 Aug 1978,Completion,African Development Bank,Power,Sovereign
P-GH-F00-002,Interconnexion Project,"6,239,999.27",Ghana,22 Aug 1978,Completion,African Development Bank,Power,Sovereign
P-EG-FAA-003,Electricite   III,"4,996,501.61",Egypt,31 Dec 1977,Completion,African Development Bank,Power,Sovereign
P-DZ-FAC-002,Algeria - Electricity Project II,"3,381,378.87",Algeria,28 Dec 1977,Completion,African Development Bank,Power,Sovereign
P-NE-F00-001,Projet de production et de distribution d'énergie électrique,"5,000,000.00",Niger,28 Dec 1977,Completion,African Development Bank,Power,Sovereign
P-MW-F00-002,Malawi - Blantyre Water Supply Project,"4,602,004.72",Malawi,19 Sep 1977,Completion,African Development Fund,Power,Sovereign
P-ML-F00-003,Construction de Barrage de Selingue,"4,998,380.85",Mali,18 Aug 1977,Completion,African Development Bank,Power,Sovereign
,,,,,,,,
P-MW-FAB-001,"Projet Hydro-Electrique de Nkula Falls ""B""","4,229,137.41",Malawi,07 Jun 1977,Completion,African Development Bank,Power,Sovereign
P-SN-F00-002,Projet centrale électrique Saint Louis,"2,900,000.00",Senegal,21 Dec 1976,Completion,African Development Bank,Power,Sovereign
P-MA-FAC-003,Electricity Project III,"5,000,000.00",Morocco,20 Dec 1976,Completion,African Development Bank,Power,Sovereign
P-DZ-FAC-001,Algeria - Electricity Project I,"5,000,000.00",Algeria,10 Feb 1976,Completion,African Development Bank,Power,Sovereign
P-TN-FD0-001,Renforcement du Gazoduc d'el Burma,"3,750,000.00",Tunisia,18 Nov 1975,Completion,African Development Bank,Power,Sovereign
P-EG-FAA-002,Power Project II (ADB),"4,968,475.98",Egypt,14 Oct 1975,Completion,African Development Bank,Power,Sovereign
P-GM-F00-002,Electricity Distribution In Banjul,"1,995,638.15",Gambia,14 Oct 1975,Completion,African Development Bank,Power,Sovereign
P-MW-FAC-001,Nkula-Lilongwe Power Transmission (ADB),"5,000,000.00",Malawi,24 Jun 1975,Completion,African Development Bank,Power,Sovereign
P-EG-FAA-001,Egypt Power I (Ext. of Power Distribut),"5,000,000.00",Egypt,22 Nov 1974,Completion,African Development Bank,Power,Sovereign
P-TG-F00-001,Electricite,"2,662,052.40",Togo,27 Jun 1974,Completion,African Development Bank,Power,Sovereign
P-SD-FAC-003,Power Project,"3,999,999.99",Sudan,05 May 1974,Completion,African Development Bank,Power,Sovereign
P-BJ-F00-002,Projet Electricité,"3,500,000.00",Benin,05 Apr 1974,Completion,African Development Bank,Power,Sovereign
P-SZ-F00-003,Electricity,"1,500,000.00",Eswatini,05 Apr 1974,Completion,African Development Bank,Power,Sovereign
P-MA-FAC-002,Electricity Project II,"3,000,000.00",Morocco,24 Jan 1973,Completion,African Development Bank,Power,Sovereign
P-CF-F00-001,ENERCA Project,"985,273.80",Central African Republic,12 Jul 1972,Completion,African Development Bank,Power,Sovereign
P-MA-FAC-001,Electricity Project I,"2,800,000.00",Morocco,20 Mar 1970,Completion,African Development Bank,Power,Sovereign
P-MW-FAB-004,Tedzane Fall Hydro-Electric,"3,113,141.41",Malawi,15 Dec 1969,Completion,African Development Bank,Power,Sovereign
,,,,,,,,
African Development Bank Group,,,,,,,,IATI Data Portal
,,,,,,,,
